ra,dec,g_flux,r_flux,i_flux,g_flux_err,r_flux_err,i_flux_err,g_mag,r_mag,i_mag,g_mag_err,r_mag_err,i_mag_err,g_minus_r,r_minus_i,new_g,new_r,new_i
264.9401861,-32.0890505,858.6659999999999,284.5996,490.6944,83.98434,52.17665,72.90189,11.798,12.997,12.4055,0.0212,0.0398,0.0323,-1.1989999999999998,0.5914999999999999,11.52543933304294,12.724414286612426,12.132972245831164
264.9318293,-32.0904495,3232.68,359.5658,3587.614,74.19128,69.88786,85.06475,10.3587,12.7431,10.2456,0.005,0.0422,0.0051,-2.3843999999999994,2.4975000000000005,10.086093209173589,12.470554056930045,9.972985724749881
265.2454038,-32.101372,38671.52,40948.14,12906.57,87.60228,91.41088,87.32806,7.6641,7.602,8.8555,0.0005,0.0005,0.0015,0.0621,-1.253499999999999,7.3915218936705145,7.3294145513695454,8.58297289704397
265.0707765,-32.0941999,619.7274,271.0906,245.572,73.39006,51.68104,52.31779,12.1521,13.0498,13.1571,0.0257,0.0414,0.0463,-0.8976999999999986,-0.1073000000000004,11.87949825492296,12.777213853032432,12.884552881884172
264.9268601,-32.0991034,51012.52,55478.280000000006,16289.401999999998,85.03374,89.29028,86.92093,7.3634,7.2723,8.6028,0.0004,0.0003,0.0012,0.0910999999999999,-1.3304999999999998,7.090808054872193,6.999692529689392,8.33023714694315
265.1048375,-32.102995,27463.18,26038.22,9266.468,82.31337,84.85661,92.29771,8.0357,8.0935,9.2153,0.0007,0.0007,0.0022,-0.0578000000000002,-1.1217999999999986,7.763122941556231,7.8209717697872865,8.942714424187946
265.0540339,-32.1000825,2117.62,1261.6182,990.6318,80.82751,65.75574,91.75166,10.818,11.3803,11.6428,0.0083,0.0113,0.0201,-0.5623000000000005,-0.2624999999999993,10.545379924912051,11.107680136344051,11.370219337404052
265.1766472,-32.1075265,1118.5754000000002,486.7092,612.6764000000001,86.85671,68.48251,89.60017,11.5109,12.4144,12.1645,0.0169,0.0306,0.0318,-0.9035000000000012,0.2499000000000002,11.238336840048778,12.141826111114725,11.891922120400611
265.1446458,-32.1088738,5137.114,3278.324,2334.712,84.01952,74.17547,96.37115,9.8558,10.3434,10.712,0.0036,0.0049,0.009,-0.4876000000000005,-0.3685999999999989,9.583201991362902,10.070870317229096,10.439416711218911
265.1718877,-32.1087289,2589.442,1450.6194,1307.6508,83.77287,68.81577,98.52479,10.5996,11.2287,11.3413,0.007,0.0103,0.0164,-0.6290999999999993,-0.1126000000000004,10.326984530365989,10.956116296889578,11.068770540412835
265.2097727,-32.1109563,799.0684,295.5324,367.6762,74.78658,61.1124,65.19637,11.8761,12.9561,12.7189,0.0203,0.0449,0.0385,-1.08,0.2371999999999996,11.603540109064443,12.683487248294739,12.446336203701504
265.2519355,-32.1125635,864.9376,311.94140000000004,374.8702,69.37296,61.62498,68.77077,11.7901,12.8974,12.6979,0.0174,0.0429,0.0398,-1.1072999999999986,0.1994999999999986,11.51753805779229,12.624817457637567,12.425297705227484
265.0194304,-32.114187,5915.316000000001,3977.838,2666.04,79.75983,74.828,94.70038,9.7026,10.1335,10.5679,0.0029,0.0041,0.0077,-0.4308999999999994,-0.4344000000000001,9.430055125311778,9.86088226943085,10.295333347312004
264.9926202,-32.1158381,7162.414,4497.692,3210.474,77.99841,75.62629,91.1375,9.4949,10.0001,10.3662,0.0024,0.0037,0.0062,-0.5052000000000003,-0.3660999999999994,9.222351449053416,9.727525720450348,10.093577107159755
265.0808086,-32.1180408,4075.71,1890.221,2212.944,82.13361,69.80597,100.1318,10.1071,10.9413,10.7701,0.0044,0.008,0.0098,-0.8341999999999992,0.1712000000000006,9.834491812572,10.668718540533208,10.497573940101317
265.1095132,-32.1239708,34808.04,36725.38,11048.718,82.0976,84.78918,89.50114,7.7784,7.7202,9.0243,0.0005,0.0005,0.0018,0.0582000000000002,-1.3041,7.505801076603241,7.447584254599926,8.751720277305939
265.1915777,-32.1236763,3530.704,1814.0496,1887.5716,87.23029,70.0105,105.5637,10.2629,10.986,10.9428,0.0054,0.0084,0.0121,-0.7231000000000005,0.0432000000000005,9.990346726026482,10.713377106431523,10.670241413955367
264.9674476,-32.1198535,2460.904,1232.2912,1328.027,81.88127,64.08184,99.62866,10.6548,11.4058,11.3246,0.0072,0.0113,0.0163,-0.7509999999999994,0.081199999999999,10.382263319545778,11.133216632195545,11.051982738188432
264.9593802,-32.1220974,3299.256,1846.8502,1617.7522,80.35065,69.76499,100.0432,10.3365,10.9665,11.1103,0.0053,0.0082,0.0134,-0.6300000000000008,-0.1438000000000006,10.063959962065807,10.693920823055802,10.837720002258111
265.1535081,-32.1290313,10656.812,8217.134,4434.704,82.0976,80.28506,100.1022,9.0635,9.3458,10.0154,0.0017,0.0021,0.0049,-0.2823000000000011,-0.6695999999999991,8.790931739183515,9.07319907689901,9.742838406016208
265.0168218,-32.1268795,1341.6364,567.947,777.4254,81.51945,65.45061,90.45383,11.3135,12.2468,11.9059,0.0132,0.025,0.0253,-0.9333000000000008,0.3408999999999995,11.040912918445498,11.974230475341699,11.633353185568687
265.1871232,-32.1295302,813.5352,232.071,247.4284,92.30177,48.36536,48.0781,11.8566,13.2185,13.149,0.0246,0.0453,0.0422,-1.3619000000000003,0.0695000000000014,11.584059128222119,12.945947815887997,12.876376133074757
264.8744351,-32.1257163,951.2344,1060.8242,445.5222,61.94416,111.2761,74.02847,11.6869,11.5685,12.5104,0.0141,0.0228,0.0361,0.1183999999999994,-0.9419000000000004,11.414281131202497,11.295891453761852,12.237826626389403
265.0873242,-32.1365489,12409.342,9644.486,4809.0160000000005,80.0927,78.95616,95.90997,8.8982,9.1719,9.9274,0.0014,0.0018,0.0043,-0.2737000000000016,-0.7554999999999996,8.62562811542023,8.899302282495034,9.65485944497396
265.1807586,-32.155591,773396.4,983770.8,235830.2,93.88947,101.2376,99.33153,4.4116,4.1503,5.7011,0.0,0.0,0.0001,0.2613000000000003,-1.5508000000000006,4.138994634522698,3.8777651804710764,5.428501451733245
265.139016,-32.1388242,4490.102,1355.683,3015.616,86.99274,69.88786,97.52972,10.0019,11.3022,10.4341,0.0042,0.0112,0.007,-1.3003,0.8680999999999983,9.729359482940467,11.029604624707394,10.161559902777004
265.1801592,-32.1394819,2731.428,1942.1222,1819.8598,73.47057,96.6124,116.7079,10.5416,10.9119,10.9825,0.0058,0.0108,0.0139,-0.3702999999999985,-0.0706000000000006,10.269025607326927,10.639308618464444,10.709905170740168
265.1295868,-32.1416935,921.4896,289.1796,521.2362,88.9086,59.50016,78.03287,11.7213,12.9797,12.34,0.021,0.0447,0.0325,-1.2584,0.6396999999999995,11.448773904742488,12.707080868346267,12.06741357509672
264.9455417,-32.1415335,3647.478,2098.11,1739.9304,80.0927,69.60084,95.78661,10.2276,10.828,11.0312,0.0048,0.0072,0.012,-0.6003999999999987,-0.2032000000000007,9.955018297254828,10.555429365736659,10.758670309610302
265.1023593,-32.1457292,1952.8608,654.3522,1244.0626,92.26974,69.14741,102.6679,10.9059,12.093,11.3955,0.0103,0.023,0.0179,-1.1870999999999992,0.6974999999999998,10.63332178034463,11.820471082764366,11.122894414566076
265.2489394,-32.1594716,146319.52,177548.02,45190.06,89.40594,93.26901,91.49357,6.2193,6.0093,7.495,0.0001,0.0001,0.0004,0.2099999999999999,-1.4857000000000005,5.946744330572081,5.736710416373654,7.2223927051112735
264.9617636,-32.1476073,2375.096,788.7167999999999,1522.226,86.24191,62.31716,100.3971,10.6934,11.8903,11.1764,0.0079,0.0172,0.0143,-1.1968999999999994,0.7139000000000006,10.420797079384457,11.617697271050222,10.903802161182831
265.009537,-32.1601624,289973.8,360224.0,86563.48000000001,87.77084,92.6229,91.16992,5.4767,5.2411,6.7892,0.0001,0.0001,0.0002,0.2355999999999998,-1.5480999999999998,5.204103100334091,4.968568388977648,6.516663231263321
264.9137753,-32.1515373,11552.044,10495.878,4234.255999999999,76.77603,79.96384,90.45383,8.9759,9.08,10.0656,0.0014,0.0017,0.0046,-0.1041000000000007,-0.9855999999999998,8.703352914022133,8.807453065022678,9.793057220995586
265.0527831,-32.1590341,70605.1,80767.3,21301.42,81.59194,87.38027,87.46334,7.0105,6.8645,8.3116,0.0003,0.0002,0.0009,0.1460000000000008,-1.4471000000000007,6.737909818834316,6.591911087667933,8.038978611402143
265.1651841,-32.1589318,5705.802,2021.74,2902.91,78.26326,76.00348,77.95707,9.7418,10.8683,10.4755,0.003,0.0082,0.0058,-1.1265,0.3927999999999993,9.469208257739853,10.595686740835884,10.202916071382985
265.1970442,-32.1587803,1667.3376,1036.3254000000002,805.6798,66.32306,83.22328,78.56139,11.0775,11.5938,11.8672,0.0086,0.0174,0.0212,-0.5162999999999993,-0.2734000000000005,10.804941139943166,11.321259643244916,11.594593812121442
265.0253655,-32.1594539,3840.336,2699.642,1565.3067999999998,73.79176,89.83308,68.59863,10.1717,10.5543,11.1461,0.0042,0.0072,0.0095,-0.3826,-0.591800000000001,9.899076941319347,10.281734559725688,10.873501320232284
265.1150994,-32.1598511,826.7221999999999,326.6342,424.192,88.30808,64.39346,68.98535,11.8392,12.8474,12.5637,0.0232,0.0428,0.0353,-1.0082000000000004,0.2836999999999996,11.566601000227028,12.574845861814708,12.291093815672033
265.1395969,-32.1638474,8425.246000000001,5788.562,3698.766000000001,82.99291,81.94205,103.2421,9.3186,9.7261,10.2124,0.0021,0.0031,0.0061,-0.4075000000000006,-0.4862999999999999,9.046043524395913,9.453573276791044,9.939857857926244
265.2272558,-32.1760432,96246.7,113352.76,30254.38,86.20763,89.51418,89.30276,6.6741,6.4965,7.9306,0.0002,0.0002,0.0006,0.1775999999999999,-1.4341,6.401535380428122,6.223919752183381,7.658029356484953
265.0122255,-32.1653417,944.8654,553.6528000000001,332.3842,90.327,78.66588,66.14162,11.6941,12.2745,12.8285,0.0208,0.0309,0.0432,-0.5803999999999991,-0.5540000000000003,11.4215751353425,12.001906248441127,12.555899071846033
264.9739404,-32.1735088,139498.98,160923.53999999998,42734.88,83.98434,88.80858,89.66612,6.2711,6.116,7.5556,0.0001,0.0001,0.0005,0.1551,-1.4396000000000004,5.998572419721318,5.843451055937436,7.283043778016696
264.8916026,-32.1649181,1195.036,585.2956,682.446,77.50414,66.14599,89.00437,11.4391,12.2141,12.0474,0.0141,0.0245,0.0283,-0.7750000000000004,0.1667000000000005,11.166547528911254,11.941561851780596,11.774829268519625
265.1294486,-32.1712847,5923.268,4238.683999999999,3097.926,70.76521,84.92397,108.709,9.7012,10.0645,10.4049,0.0026,0.0044,0.0076,-0.3633000000000006,-0.3403999999999989,9.428596542832876,9.791922398760954,10.132322401057504
264.923748,-32.1688588,6648.514,4430.09,2821.818,75.96315,74.52164,90.25755,9.5758,10.0165,10.5063,0.0025,0.0037,0.0069,-0.4407000000000014,-0.4897999999999989,9.303188530996623,9.74396862682024,10.233677501387417
265.0825847,-32.1792443,180649.86,215005.6,60259.86,88.34155,92.9619,92.10535,5.9905,5.8014,7.1825,0.0001,0.0001,0.0003,0.1890999999999998,-1.3811,5.717905926663242,5.52887557093859,6.909929704113427
265.2474147,-32.1775113,2335.78,1514.5468,1252.8013999999998,84.16014,98.19775,99.83613,10.7115,11.1819,11.3879,0.0078,0.0141,0.0173,-0.4704000000000015,-0.2059999999999995,10.438920161267902,10.909293255699511,11.115294424909266
265.1399619,-32.1775271,11908.04,9479.132,4493.758,73.71159,84.04391,74.02847,8.943,9.1907,10.001,0.0013,0.0019,0.0036,-0.2477,-0.8102999999999998,8.670399287987765,8.918078572495855,9.72847579780207
264.9818781,-32.1732584,1860.6184,1226.7538,796.5456,70.59791,69.55974,73.50756,10.9584,11.4107,11.8795,0.0082,0.0123,0.02,-0.452300000000001,-0.4687999999999999,10.685856721348044,11.138106470179364,11.606973392527472
264.8826027,-32.1731458,1404.4825999999998,552.2872,737.5229999999999,69.71303,51.73634,83.09605,11.2638,12.2772,11.9631,0.0108,0.0203,0.0245,-1.0134000000000007,0.3140999999999998,10.991209092154218,12.004587555048657,11.690561078654735
265.074262,-32.1827822,62242.380000000005,73618.36,18383.146,79.9819,84.8229,81.94984,7.1474,6.9651,8.4715,0.0003,0.0003,0.001,0.1823000000000005,-1.506400000000001,6.8747845232920195,6.69253465395537,8.198950408990203
265.1663955,-32.1885579,133732.94,153853.2,41825.94,84.72028,88.71192,87.80065,6.317,6.1648,7.579,0.0001,0.0001,0.0005,0.1522000000000005,-1.4142,6.04440401927468,5.892233666027668,7.3063857247049775
265.0673112,-32.1801058,1462.2472,1242.0298,587.0892,64.74425,89.2262,67.9057,11.22,11.3972,12.2108,0.0096,0.0156,0.0251,-0.1771999999999991,-0.813600000000001,10.947448003943423,11.124669960035671,11.938239771903508
264.8707971,-32.1783536,6630.598,4513.568,2947.358,73.87184,75.58846,82.77528,9.5787,9.9963,10.459,0.0024,0.0036,0.0061,-0.4176000000000002,-0.4626999999999999,9.306118254256333,9.72370002552621,10.186417773726367
264.9446628,-32.1795781,1206.6564,552.3058,1140.0838,93.13075,74.32952,127.5508,11.4286,12.2771,11.4902,0.0168,0.0292,0.0243,-0.8485000000000014,0.786900000000001,11.156040948261095,12.004550990099556,11.217658063457032
265.1960115,-32.1899275,6643.794,3961.576,3187.118,75.6121,90.97186,83.5572,9.5765,10.1379,10.3741,0.0025,0.005,0.0057,-0.5614000000000008,-0.2362000000000002,9.303959604778822,9.865330020071733,10.10150464222548
265.1306149,-32.1993618,156706.86000000002,184220.96,48787.04,84.54564,88.12978,87.93521,6.1449,5.9692,7.4118,0.0001,0.0001,0.0004,0.1756999999999999,-1.4426000000000003,5.872279978596634,5.696652397149249,7.139238826345839
265.1982193,-32.1940794,3055.336,2288.286,1429.2792,78.4142,94.39663,88.50481,10.4199,10.7338,11.2448,0.0056,0.009,0.0134,-0.3139000000000003,-0.5109999999999992,10.147352556907135,10.461224241153545,10.972207316099196
265.0426923,-32.1904629,1398.5762,997.6702,811.2284,61.99187,98.57561,81.58835,11.2684,11.6351,11.8597,0.0096,0.0215,0.0218,-0.3666999999999998,-0.2246000000000005,10.995784666388126,11.362532499465335,11.587142134217597
265.1273999,-32.1949534,1227.0614,366.2612,808.4988000000001,71.63708,64.88013,69.79472,11.4104,12.7231,11.8634,0.0127,0.0385,0.0188,-1.3127000000000013,0.8597000000000001,11.13783426348806,12.45052271506676,11.590801550877453
265.0385173,-32.1944212,3156.62,720.9308,2313.298,67.51578,55.36753,78.41075,10.3845,11.9878,10.722,0.0046,0.0167,0.0074,-1.6033000000000008,1.2658000000000005,10.111944240420037,11.715266049784155,10.449421044079399
265.0271897,-32.1937047,1207.6554,665.9334,493.7608,72.37606,74.17547,68.25304,11.4277,12.074,12.3988,0.013,0.0242,0.03,-0.6463000000000001,-0.3247999999999997,11.155142430902686,11.801423006123766,12.126208479911895
265.1149275,-32.2022783,31760.7,34112.3,9990.49,77.42782,83.08572,78.41075,7.8778,7.8003,9.1336,0.0005,0.0005,0.0017,0.0774999999999996,-1.3332999999999997,7.605274835921925,7.527722493944619,8.861033026412676
264.9339166,-32.1944089,884.711,389.6122,499.1864,72.49849,67.8111,81.76929,11.7656,12.656,12.3869,0.0178,0.0378,0.0356,-0.8904000000000014,0.2690999999999999,11.492996432302862,12.383418631089539,12.114343138068744
264.8706161,-32.1957678,1379.9098,606.391,810.714,74.78658,70.62054,88.83817,11.2829,12.1757,11.8604,0.0118,0.0253,0.0238,-0.8928000000000011,0.3153000000000006,11.01037325255226,11.903118132718301,11.587830818011119
265.2304703,-32.2074278,16067.85,3117.568,13510.216,81.95345,86.98666,92.58549,8.6177,10.398,8.8059,0.0011,0.0061,0.0015,-1.7803000000000004,1.5921000000000003,8.34510557809842,10.125460162424115,8.533344268662873
264.8697871,-32.2072256,113893.16,119215.98,37167.94,94.54835,94.91023,99.15282,6.4913,6.4417,7.7072,0.0002,0.0002,0.0006,0.0495999999999998,-1.2655000000000003,6.218755893126552,6.1691638170122935,7.4345787715561364
265.0393318,-32.2037515,12374.55,10828.592,4432.746,73.18839,78.411,84.61182,8.9013,9.0461,10.0159,0.0013,0.0016,0.0041,-0.1447999999999982,-0.9698000000000012,8.62867646302038,8.773570023345153,9.743317883548862
264.8794456,-32.2029365,3882.166,2506.884,1826.3204,73.39006,71.145,84.36692,10.1599,10.6347,10.9786,0.0041,0.0062,0.01,-0.4748000000000001,-0.3438999999999996,9.887314745693043,10.362164403761664,10.706057574471991
265.2071721,-32.2066029,1178.764,682.5436,774.4706,60.93375,90.02387,75.68692,11.454,12.0472,11.9101,0.0112,0.0286,0.0212,-0.5931999999999995,0.1371000000000002,11.181432840436877,11.77467400308205,11.637487660062504
265.2806644,-32.2098852,1092.5376,459.0938,463.6104,103.046,76.19137,72.94242,11.5365,12.4778,12.4672,0.0205,0.036,0.0342,-0.9413,0.0106000000000001,11.263909019322856,12.205246430707303,12.194617075580686
264.9835144,-32.2060376,5112.186,3689.18,2096.836,73.5108,82.56783,77.95707,9.8611,10.2153,10.8287,0.0031,0.0049,0.0081,-0.3541999999999987,-0.6134000000000004,9.588483383356484,9.94267538612679,10.556088839287636
265.1441027,-32.207242,816.1555999999999,464.3638,621.8091999999999,61.22414,70.98404,80.01532,11.8531,12.4654,12.1484,0.0163,0.0332,0.0279,-0.6123000000000012,0.3170000000000001,11.580567587860218,12.192854108816329,11.875857141564829
265.0010648,-32.2159932,39617.4,40253.96,12892.414,82.06159,84.24782,87.66589,7.6379,7.6206,8.8567,0.0004,0.0005,0.0015,0.0173000000000005,-1.2361000000000004,7.365285074057308,7.347978473237037,8.584164392279366
264.8978977,-32.2073842,1827.8692,803.0064,978.889,66.67868,56.8959,75.1775,10.9777,11.8708,11.6557,0.0079,0.0154,0.0167,-0.8930999999999987,0.2150999999999996,10.705137212630547,11.598202483398541,11.38316637932913
265.0718047,-32.2155342,35550.740000000005,38120.44,11066.846,77.31319,82.11636,80.53085,7.7555,7.6797,9.0225,0.0005,0.0005,0.0016,0.0757999999999992,-1.3428000000000004,7.482878387154679,7.407105238049308,8.749940333522638
265.0423338,-32.2168609,33566.46,32185.76,10885.468,77.65656,81.452,78.82433,7.8178,7.8634,9.0405,0.0005,0.0005,0.0016,-0.0456000000000003,-1.1770999999999994,7.545236145206761,7.590840578625137,8.767882236389946
265.209731,-32.2243937,182316.68,222195.6,54565.280000000006,86.51569,90.81454,90.71488,5.9805,5.7657,7.2903,0.0001,0.0001,0.0004,0.2148000000000003,-1.5246000000000004,5.707933990724424,5.493161363427575,7.017709029717086
265.1812143,-32.2143987,1417.2718,980.2556,633.0382,61.84865,89.0658,63.21677,11.2539,11.6542,12.129,0.0095,0.0197,0.0217,-0.4002999999999996,-0.4748000000000001,10.981367135283492,11.381651669962524,11.856425205412203
265.1518714,-32.2144214,1121.4838,743.9048,560.3424,59.31118,84.38348,59.80488,11.5081,11.9538,12.2614,0.0115,0.0246,0.0232,-0.4456999999999986,-0.3076000000000007,11.235517488709938,11.681206597560314,11.988866285213657
265.0667096,-32.2158384,2983.7740000000003,1759.2900000000002,1272.2798,76.23507,80.88831,78.89929,10.4457,11.0192,11.3711,0.0055,0.01,0.0135,-0.5734999999999992,-0.3519000000000005,10.173085186803654,10.746656414689475,11.098543420160066
265.012579,-32.2220294,67128.92,67121.14,21350.3,79.83392,95.72029,82.66808,7.0653,7.0654,8.3091,0.0003,0.0003,0.0008,-0.0001000000000006,-1.2437000000000005,6.792725849705413,6.792851689912599,8.036490045458143
265.0962934,-32.2176972,606.855,315.7122,367.7356,54.37047,61.20592,67.99271,12.1749,12.8843,12.7187,0.0195,0.0421,0.0402,-0.7094000000000005,0.1655999999999995,11.90228766367316,12.611771588583476,12.446160811545155
265.0579996,-32.2178166,1030.2516,670.663,542.7206,79.35108,88.48598,80.71416,11.6002,12.0663,12.2961,0.0167,0.0287,0.0323,-0.4661000000000008,-0.2297999999999991,11.327641755838497,11.793739131789183,12.023559234071694
265.0562174,-32.219328,1066.5944,502.4218,548.0899999999999,75.25941,78.88369,77.8812,11.5626,12.3799,12.2854,0.0153,0.0341,0.0309,-0.8172999999999995,0.0945,11.290001752119174,12.10732881223814,12.012870304089876
265.0454956,-32.227197,130857.22,32914.759999999995,120829.52,82.31337,81.62736,91.88043,6.3406,7.8391,6.4271,0.0001,0.0005,0.0002,-1.4985,1.412,6.0680057758033765,7.566523268113308,6.154567374409359
265.0002799,-32.219475,1647.4926,922.691,838.3889999999999,80.27703,93.60567,86.23811,11.0905,11.7199,11.824,0.0106,0.022,0.0223,-0.6294000000000004,-0.1040999999999989,10.817941318597223,11.447359288776003,11.55138607110197
265.1407545,-32.2301537,15104.254,11743.614,6152.448,92.30177,89.89672,99.62866,8.6848,8.9581,9.66,0.0013,0.0017,0.0035,-0.2733000000000007,-0.7019000000000002,8.41225179922802,8.685495579968388,9.387380120579962
265.1265592,-32.2254503,848.9372,324.389,482.3438,90.81658,63.09245,71.96329,11.8104,12.8549,12.4242,0.0232,0.0422,0.0324,-1.044500000000001,0.4306999999999998,11.53781108858983,12.582334702738962,12.151608248706514
265.0287363,-32.2306666,44542.26,49318.18,13446.452,78.11203,83.01686,79.16111,7.5106,7.4001,8.8111,0.0004,0.0004,0.0013,0.1105,-1.4109999999999996,7.238069378412746,7.127482396621286,8.538480735267854
265.1768705,-32.2338868,4386.394,3064.742,1845.8704,75.69025,85.6282,80.49413,10.0273,10.4166,10.9671,0.0037,0.0061,0.0095,-0.3893000000000004,-0.5504999999999995,9.754730902952256,10.144015199839837,10.694496985984774
264.9822209,-32.2279644,551.1692,491.6632,472.4514,48.32553,77.82529,72.29114,12.2794,12.4034,12.4467,0.019,0.0344,0.0332,-0.1239999999999987,-0.0433000000000003,12.006787648305215,12.130830741401049,12.17410714935443
265.1581847,-32.2368051,31703.92,32341.840000000004,10885.9,78.97767,83.53196,82.84666,7.8798,7.8582,9.0404,0.0005,0.0006,0.0017,0.0216000000000002,-1.1822,7.6072175913706985,7.585588189342834,8.767839148786033
264.9158062,-32.2306061,3370.918,1315.4046,2098.33,74.94452,64.0372,89.33586,10.3132,11.3349,10.8279,0.0048,0.0106,0.0092,-1.0216999999999992,0.5069999999999997,10.040629529688863,11.062351609340903,10.55531552545048
265.0370038,-32.2378789,55077.4,61561.44,16698.489999999998,77.73266,83.22328,80.75077,7.2801,7.1593,8.5759,0.0003,0.0003,0.0011,0.1208,-1.4166000000000007,7.007566423411804,6.886728075060313,8.30330699792703
265.2198847,-32.2369727,1096.5426,725.6464,579.0948000000001,60.0049,82.32504,74.94122,11.5325,11.9808,12.2257,0.0119,0.0246,0.0281,-0.4482999999999997,-0.2448999999999994,11.259936228968542,11.708187387431643,11.953125837025247
265.0491316,-32.2354432,1796.3792,1106.5232,789.8302,77.42782,80.32067,76.30923,10.9966,11.5227,11.8887,0.0094,0.0158,0.021,-0.5260999999999996,-0.3659999999999996,10.724004955523977,11.250098689935225,11.616165661423338
265.1348128,-32.2372011,1765.6312000000005,1039.8732,1168.4202,79.53713,82.94794,104.9459,11.0153,11.5901,11.4636,0.0098,0.0173,0.0195,-0.5747999999999998,0.1265,10.742750013690374,11.317549036122378,11.191002358549751
265.0131549,-32.2343425,1035.7748,544.198,538.4448,60.78803,60.07412,69.41251,11.5944,12.2932,12.3047,0.0127,0.024,0.028,-0.6988000000000003,-0.0114999999999998,11.321836648515617,12.02060764660822,12.032147032141497
265.0463304,-32.2565295,760811.6,926085.4,227000.8,90.88166,95.54088,94.70038,4.4294,4.2159,5.7425,0.0,0.0,0.0001,0.2134999999999998,-1.5265999999999993,4.156807185965302,3.943372406301071,5.469931530640835
264.9430887,-32.236983,5599.824,3508.97,2552.384,78.97767,72.49875,94.51292,9.7621,10.2696,10.6152,0.0031,0.0045,0.008,-0.5075000000000003,-0.3455999999999992,9.489564056158594,9.997050861942355,10.342634966202208
265.2730867,-32.2474703,25984.56,25503.14,8799.698,80.82751,84.72169,82.27383,8.0958,8.1161,9.2714,0.0007,0.0007,0.002,-0.0202999999999988,-1.1553000000000004,7.823211581862271,7.843515862570026,8.99883058075643
265.006905,-32.2376029,591.4168,332.61260000000004,300.6594,54.74974,61.81032,62.79454,12.2028,12.8277,12.9374,0.0201,0.0404,0.0454,-0.6249000000000002,-0.1097000000000001,11.930265857270498,12.555153257252886,12.664813033892518
264.9186026,-32.2383948,4119.023999999999,2148.356,2135.5,77.1984,71.38577,99.71763,10.0956,10.8023,10.8088,0.0041,0.0072,0.0101,-0.7067000000000014,-0.006499999999999,9.823014193914977,10.529734377234648,10.536251060592893
264.9734052,-32.2381839,823.7912,131.36146000000002,384.472,89.50508,33.13778,65.69319,11.843,13.8364,12.6704,0.0236,0.0548,0.0371,-1.9934,1.1659999999999986,11.570457129067034,13.56383008321955,12.397838207850658
265.0159992,-32.2399008,1215.7648,571.3206,523.8918,66.45663,65.23178,67.07355,11.4205,12.2404,12.3345,0.0119,0.0248,0.0278,-0.8198999999999987,-0.0941000000000009,11.147876087210054,11.967800290955598,12.061895997784609
265.2243278,-32.2482137,10433.592,8095.602000000001,4383.398,78.0363,85.46105,94.07405,9.0865,9.362,10.028,0.0016,0.0023,0.0047,-0.2755000000000009,-0.6660000000000004,8.813915375333963,9.089377127450344,9.75547273714764
264.9193484,-32.2407498,1349.7078,550.0092,705.175,83.84342,67.9375,84.71655,11.307,12.2816,12.0118,0.0135,0.0268,0.0261,-0.9745999999999988,0.2698,11.034400605768198,12.009075115010678,11.739257731978668
265.2339895,-32.2469264,1235.2796,668.4712000000001,569.9966000000001,87.53476,86.32667,78.33532,11.4032,12.0699,12.2429,0.0154,0.028,0.0299,-0.6667000000000005,-0.173,11.130586826671358,11.797293247184914,11.970319337159308
265.2158229,-32.2460271,745.0818,228.4632,459.4472,83.94913,44.6131,74.38697,11.9521,13.2355,12.477,0.0245,0.0424,0.0352,-1.2834000000000003,0.7584999999999997,11.67949011229555,12.962959361239466,12.204410977104919
265.1306414,-32.2447393,616.017,398.7656,220.802,70.43022,72.61699,45.61737,12.1586,12.6308,13.2726,0.0248,0.0396,0.0449,-0.4722000000000008,-0.6417999999999999,11.886018256503228,12.358205784216876,12.999992492834565
264.9812649,-32.2436199,2083.144,1366.6588,1236.638,89.80184,85.52795,107.4784,10.8358,11.2934,11.402,0.0094,0.0136,0.0189,-0.4575999999999993,-0.1085999999999991,10.56320176962917,11.020849744621323,11.129393531062309
264.8999084,-32.2461734,4860.469999999999,3092.31,2167.84,69.88245,70.78233,83.23821,9.9159,10.4069,10.7925,0.0031,0.005,0.0083,-0.4909999999999996,-0.3856000000000001,9.643304332740765,10.13429243780532,10.519931936424221
265.2599212,-32.2528586,686.7364,205.8746,384.4466,76.54465,43.57544,71.30306,12.0406,13.3486,12.6705,0.0242,0.046,0.0403,-1.3079999999999998,0.6780999999999988,11.768024831273554,13.075993079063203,12.397909938979572
265.1276423,-32.2558248,16816.96,14392.99,5835.272,77.35143,78.1187,81.298,8.5682,8.7372,9.7174,0.001,0.0012,0.003,-0.1690000000000004,-0.9802,8.295631272021394,8.464622440868679,9.444847238358491
265.1715016,-32.2544868,3173.466,510.9456,3241.276,67.29649,76.7523,71.46869,10.3787,12.3616,10.3558,0.0046,0.0326,0.0048,-1.982899999999999,2.005799999999999,10.106165375714344,12.089063341040282,10.083209966253555
265.090066,-32.2639383,273879.8,328051.0,80262.26,85.86404,89.45026,89.36894,5.5387,5.3427,6.8713,0.0001,0.0001,0.0002,0.1960000000000006,-1.5286,5.266099994867499,5.070146585104913,6.598721539249329
265.143198,-32.2554254,7499.522,5637.816000000001,3351.6620000000003,70.30419,77.97213,93.97974,9.445,9.7548,10.3194,0.002,0.003,0.0061,-0.3097999999999992,-0.5646000000000004,9.17241604131339,9.482222755485562,10.046849461184554
264.9643513,-32.252549,2512.404,1355.817,1384.3868,85.38068,75.73964,102.6967,10.6324,11.3021,11.2794,0.0074,0.0121,0.0161,-0.6696999999999989,0.0226999999999986,10.359776309567234,11.029497312406782,11.006856375789637
264.867318,-32.2498513,1205.914,1379.326,580.0409999999999,65.06307,115.389,75.21681,11.4293,11.2834,12.2239,0.0117,0.0182,0.0282,0.1458999999999992,-0.9405,11.156709157225155,11.010832693391492,11.951353268487333
265.0572147,-32.2557012,4306.688,2543.9,1978.602,75.92422,68.52426,85.96347,10.0472,10.6188,10.8917,0.0038,0.0059,0.0094,-0.5716000000000001,-0.2728999999999999,9.774641474404975,10.346249911707819,10.619103890667844
265.1665783,-32.257133,896.3524,538.9060000000001,455.9474,55.66006,68.98179,69.79472,11.7514,12.3038,12.4853,0.0135,0.0278,0.0332,-0.5524000000000004,-0.1814999999999997,11.478803035870733,12.031217452717183,12.212713141186395
265.0175249,-32.2612691,53563.06,59728.0,16118.278,78.18768,83.18891,80.2735,7.3104,7.1921,8.6143,0.0003,0.0003,0.0011,0.1182999999999996,-1.4222,7.037836550436786,6.919555068544426,8.341703395012967
265.2738517,-32.2610148,1236.2984,362.3426,690.3489999999999,62.37219,65.23178,54.20472,11.4023,12.7348,12.0349,0.011,0.0391,0.0171,-1.3324999999999996,0.6998999999999995,11.129691732032988,12.462201509260026,11.762328249767073
265.1546328,-32.2601985,5187.296,3870.114,2577.428,68.64473,74.44485,98.46477,9.8452,10.1633,10.6046,0.0029,0.0042,0.0083,-0.3180999999999994,-0.4413,9.572647423442463,9.890690604996816,10.332033644538313
265.1236294,-32.2583172,1167.431,702.7882,568.106,85.0685,82.01182,82.23788,11.4645,12.0155,12.2465,0.0158,0.0253,0.0314,-0.5510000000000002,-0.2309999999999998,11.191921946508053,11.742938847587233,11.973926559841834
264.9704907,-32.2574208,2813.838,1341.5038,1528.0896,84.19526,72.06356,100.3382,10.5093,11.3136,11.1722,0.0065,0.0117,0.0143,-0.8042999999999996,0.141399999999999,10.236752274121795,11.04102023197378,10.899627950060632
265.0703136,-32.2654474,46601.84,50618.0,14214.446,78.4142,83.4292,79.60793,7.4616,7.3718,8.7507,0.0004,0.0004,0.0012,0.0897999999999994,-1.3788999999999998,7.188992338850598,7.099237546310832,8.478175155064259
264.9081766,-32.2596607,3111.204,1538.158,1556.5388,73.39006,64.34904,84.50694,10.4003,11.1651,11.1522,0.0051,0.0091,0.0118,-0.764800000000001,0.0129000000000001,10.127678778745723,10.892497628495502,10.879600122860221
265.2012242,-32.2670043,1217.7226,852.153,542.8342,59.16146,65.49429,64.23721,11.4187,11.8063,12.2959,0.0106,0.0167,0.0257,-0.3876000000000008,-0.4895999999999993,11.146129084287177,11.533706056832521,12.023331996103956
265.195572,-32.2732547,49843.1,17131.094,27564.16,79.49996,80.5695,84.71655,7.3886,8.5481,8.0317,0.0003,0.001,0.0007,-1.1594999999999995,0.5163999999999991,7.115987386226051,8.275537254729795,7.759138094568289
265.0822147,-32.2657225,1025.8334,389.3974,508.7778,83.66695,68.06366,74.70419,11.6049,12.6566,12.3663,0.0177,0.038,0.0319,-1.0516999999999983,0.2902999999999984,11.33230791223115,12.384017381458449,12.093679617356653
265.0511149,-32.2683506,2360.866,1488.4848,1214.9316,82.24151,84.14593,96.21767,10.6999,11.2007,11.4212,0.0076,0.0123,0.0172,-0.5007999999999999,-0.2205000000000012,10.427321655674739,10.928138989727941,11.148620429811817
265.2196692,-32.271708,862.3996,529.4274,347.0692,56.55574,68.52426,66.85284,11.7933,12.3231,12.7815,0.0142,0.0281,0.0418,-0.5297999999999998,-0.4583999999999992,11.52072863398168,12.050483964911615,12.508959813153297
265.163338,-32.271973,834.2792,462.2872,688.9806,71.76078,68.14764,90.29029,11.8293,12.4703,12.0371,0.0187,0.032,0.0285,-0.641,0.4331999999999993,11.556721459953998,12.197720328303602,11.764482516463032
265.2241229,-32.2744771,1385.7218,591.8404,630.6308,76.62186,58.87204,70.04836,11.2784,12.2021,12.1331,0.012,0.0216,0.0241,-0.9237000000000002,0.068999999999999,11.005809876785541,11.92948848126808,11.860562055333316
265.1227541,-32.2756203,9266.404,6636.6,3750.596,74.15143,80.17813,84.96044,9.2153,9.5777,10.1973,0.0017,0.0026,0.0049,-0.3624000000000009,-0.6196000000000002,8.942721922984365,9.305135893226444,9.92474928471785
265.1758962,-32.2803261,46165.44,53069.34,14314.736,79.5743,83.80539,82.70383,7.4718,7.3205,8.7431,0.0004,0.0003,0.0013,0.1513,-1.4226,7.1992075521233705,7.047890783665391,8.470541642647778
264.940078,-32.272175,4642.652,2958.312,2135.646,77.92257,69.72399,93.88534,9.9657,10.455,10.8088,0.0036,0.0051,0.0095,-0.4893,-0.3537999999999996,9.693084671484934,10.18239006204388,10.536176833448254
265.0433101,-32.2747842,4228.712,961.9516,2918.32,69.67062,68.10566,79.12376,10.0671,11.6747,10.4697,0.0036,0.0154,0.0059,-1.6075999999999997,1.205,9.794479729595459,11.402116946677078,10.197167721292743
265.0757695,-32.2744849,1882.5228,1013.8346,851.826,67.60329,58.82344,69.41251,10.9457,11.6177,11.8067,0.0078,0.0126,0.0177,-0.6719999999999988,-0.189,10.673149387945347,11.345082228301717,11.53412277058699
265.2177659,-32.2784325,3514.124,2460.088,1351.6666,68.90263,74.40643,64.46687,10.268,10.6552,11.3054,0.0043,0.0066,0.0104,-0.3872,-0.6501999999999999,9.995457294946416,10.382623393592311,11.03282604398171
265.1270396,-32.2785901,10241.222,7559.48,4482.554,72.25342,78.04545,84.47196,9.1067,9.4363,10.0038,0.0015,0.0022,0.0041,-0.3295999999999992,-0.5675000000000008,8.834120548783002,9.163770194083522,9.731186174793276
265.2626455,-32.2873799,100360.06,70441.54000000001,39122.42,86.036,87.3148,89.33586,6.6287,7.013,7.6515,0.0002,0.0003,0.0005,-0.3842999999999996,-0.6385000000000005,6.356097719288815,6.740427895028823,7.3789357221254654
265.0155826,-32.2765148,2139.442,1592.141,934.6578,60.98224,89.80124,63.58973,10.8068,11.1276,11.7059,0.0062,0.0123,0.0148,-0.3207999999999984,-0.5783000000000005,10.534248706721309,10.85504618444443,11.433368413391431
264.9698105,-32.2798777,17591.057999999997,15593.654,5981.482,74.27094,78.19187,81.62457,8.5193,8.6502,9.6906,0.0009,0.0011,0.003,-0.1309000000000004,-1.0404,8.246770098663916,8.37763026589337,9.41797799961012
265.1997986,-32.2805872,559.1754,273.699,273.9156,52.99377,54.27207,60.83396,12.2637,13.0394,13.0385,0.0206,0.0431,0.0482,-0.7757000000000005,0.0008999999999996,11.991129857279937,12.766816973366135,12.765958082919406
264.9745849,-32.2827822,62334.31999999999,70123.58,18805.618,78.52722,83.12013,80.4574,7.1458,7.0179,8.4469,0.0003,0.0003,0.0009,0.1279000000000003,-1.4289999999999994,6.873181934609079,6.745339800236366,8.174280974989795
265.2594466,-32.2836972,2016.774,599.0822000000001,1424.7028,117.8724,86.09447,115.767,10.8709,12.1889,11.2483,0.0127,0.0312,0.0176,-1.3179999999999996,0.9406,10.598356915415145,11.916283960065234,10.975689305422264
265.2071621,-32.290215,47521.6,54752.92,15135.446,79.94492,85.09218,95.26056,7.4403,7.2866,8.6826,0.0004,0.0003,0.0014,0.1536999999999997,-1.3960000000000008,7.167772363908005,7.013981786832794,8.41001194263488
264.9279365,-32.2798888,1492.1908,667.0764,820.8471999999999,82.06159,69.02323,90.45383,11.198,12.0721,11.8469,0.0119,0.0225,0.0239,-0.8741000000000003,0.2252000000000009,10.925439104877494,11.79956105914306,11.574344197252854
265.040316,-32.2832081,2532.916,672.8138,2086.804,63.82454,88.96943,69.75235,10.6235,12.0628,10.8339,0.0055,0.0287,0.0073,-1.4392999999999994,1.2288999999999994,10.350948031585004,11.790262773396993,10.561295848725672
264.9709112,-32.2941413,74985.92,88966.22,22431.78,78.97767,85.05856,82.16597,6.9451,6.7595,8.2554,0.0002,0.0002,0.0008,0.1856,-1.4958999999999998,6.672550689532722,6.486937153398827,7.982840657604573
265.0689685,-32.2974623,89083.4,106425.78,25883.28,80.0927,96.6124,82.81098,6.7581,6.565,8.1,0.0002,0.0002,0.0007,0.1930999999999993,-1.5349999999999993,6.4855080395726645,6.292382895431574,7.8274517238298795
265.1414811,-32.2957324,18148.252,16034.39,6647.924000000001,74.42997,79.06474,81.22524,8.4855,8.6199,9.5759,0.0009,0.0011,0.0027,-0.1343999999999994,-0.9560000000000012,8.212912997273923,8.347368893466243,9.303284885277556
264.8716858,-32.2898373,5916.484,3983.376,2547.362,74.70747,72.38032,82.45326,9.7024,10.1319,10.6173,0.0027,0.0039,0.007,-0.4294999999999991,-0.4854000000000003,9.429840764032637,9.859371744008017,10.344773335047568
265.2440181,-32.2967897,1765.5248,461.8744,1382.8354,107.648,67.09036,119.2385,11.0154,12.4713,11.2806,0.0132,0.0315,0.0187,-1.4558999999999995,1.1906999999999996,10.742815444009636,12.198690271082292,11.008073778081755
264.8830306,-32.2914584,2227.8540000000003,1179.518,1149.9286,76.23507,65.14404,89.07077,10.7629,11.4533,11.4809,0.0074,0.012,0.0168,-0.6904000000000003,-0.0275999999999996,10.490283183961173,11.180738567973886,11.208322811265237
264.9219097,-32.299227,110960.44,128867.84,33189.48,82.0976,86.85507,85.86025,6.5197,6.3572,7.8301,0.0002,0.0001,0.0006,0.1625000000000005,-1.4729,6.247079574474791,6.08463862696502,7.557498879742253
265.1300687,-32.2998568,3974.612,930.57,2815.748,88.84207,77.56765,93.06315,10.1343,11.7107,10.5086,0.0049,0.0181,0.0072,-1.5763999999999996,1.2020999999999995,9.861763151470644,11.438127381238203,10.23601553922489
265.0069486,-32.2962474,1507.7834,784.5068,554.8012,88.87534,78.30151,70.09055,11.1867,11.8961,12.2722,0.0128,0.0217,0.0274,-0.7094000000000005,-0.3760999999999992,10.914152605948635,11.623508219135637,11.999656520615417
264.8970325,-32.2963138,3366.094,2204.416,1649.7624,84.40566,90.78305,93.85384,10.3148,10.7743,11.089,0.0054,0.0089,0.0124,-0.4595000000000002,-0.3147000000000002,10.042184400704942,10.501766113642713,10.816446496736713
264.909441,-32.3018218,52483.84,52225.12,17356.892,79.23924,84.41737,85.48072,7.3325,7.3379,8.5339,0.0003,0.0004,0.0011,-0.0054000000000007,-1.1959999999999988,7.059935992874799,7.065301383621506,8.2613200971056
265.0950326,-32.2998935,795.2072000000001,545.8402,482.6736,52.71412,78.26498,76.88807,11.8814,12.2899,12.4234,0.0144,0.0311,0.0346,-0.4085000000000001,-0.1335000000000015,11.608799240961861,12.0173362064983,12.150866136047675
265.1414734,-32.302013,432.8448,179.23924,163.28626,61.0307,34.82096,36.30875,12.5417,13.499,13.6002,0.0306,0.0422,0.0483,-0.9573,-0.1011999999999986,12.269169488827924,13.22641726556444,13.327625895433814
265.2228977,-32.3117781,40521.7,43782.2,13228.21,81.62816,84.21387,89.00437,7.6134,7.5293,8.8288,0.0004,0.0004,0.0015,0.0841000000000002,-1.2994999999999992,7.340780857617242,7.256756048682735,8.55624729801897
264.9066803,-32.3200548,832079.6,1032750.8,254882.6,93.98388,98.69158,96.95216,4.3322,4.0976,5.6167,0.0,0.0,0.0001,0.2346000000000003,-1.5191,4.05958781351849,3.825011149834017,5.344149528450366
265.0759421,-32.3054492,4214.666,1311.7482,2788.96,74.42997,98.98091,77.15671,10.0707,11.3379,10.519,0.0038,0.0164,0.006,-1.267199999999999,0.8188999999999993,9.798092090619669,11.06537380768608,10.246394286138255
264.9672565,-32.3027334,1064.386,457.52560000000005,510.0426000000001,92.81279,75.01884,76.03759,11.5648,12.4815,12.3636,0.0189,0.0356,0.0324,-0.9167000000000004,0.1179000000000005,11.292252116029573,12.208961501929958,12.090983872636112
265.1481709,-32.3066783,902.7104,363.4942,712.8946,76.42871,67.6422,93.88534,11.7437,12.7313,12.0,0.0184,0.0404,0.0286,-0.9875999999999988,0.7312999999999992,11.471128885163942,12.458756286139533,11.727436687369174
265.0636246,-32.3064854,939.0266,570.8896,470.7206,54.69572,82.18597,57.17702,11.7009,12.2412,12.4507,0.0127,0.0313,0.0264,-0.5402999999999984,-0.2095000000000002,11.428305263025894,11.968619671357665,12.17809198845613
264.910695,-32.3092234,18640.120000000003,17027.36,6748.658,76.31258,79.56949,83.94543,8.4565,8.5547,9.5595,0.0009,0.001,0.0027,-0.0982000000000002,-1.0047999999999997,8.183878240259535,8.282131704566464,9.286956449825896
265.1380759,-32.3157308,47932.28,54221.9,14920.422,80.64443,83.4292,89.46811,7.431,7.2971,8.6981,0.0004,0.0003,0.0013,0.1338999999999996,-1.4009999999999998,7.1584297809595,7.024563170731595,8.425547233431907
265.2467326,-32.3157686,11000.104,7778.776,4643.273999999999,81.19242,77.75177,97.4994,9.0291,9.4053,9.9655,0.0016,0.0022,0.0046,-0.3762000000000007,-0.5602,8.756508022010664,9.132721836017346,9.69293921955685
265.0964913,-32.3167998,88862.72,104445.48,26032.98,79.83392,84.48509,82.70383,6.7608,6.5854,8.0938,0.0002,0.0002,0.0007,0.1753999999999997,-1.5084,6.488200993917486,6.312775874693465,7.821190288190248
265.0920981,-32.3108339,1001.9258,723.4091999999999,481.2494,55.81917,79.24538,74.86229,11.6305,11.9841,12.4266,0.0121,0.0238,0.0338,-0.3536000000000001,-0.4425000000000008,11.35791109997374,11.711539930932727,12.15407449735459
265.2574331,-32.3168516,1695.7746,925.9996,832.7121999999999,89.83475,61.39252,93.91682,11.0592,11.716,11.8313,0.0115,0.0144,0.0245,-0.6567999999999987,-0.1153000000000012,10.786579685153498,11.443473002295786,11.558762681203223
265.0922043,-32.3153447,1743.9572,681.6608,1261.651,85.20739,87.4784,96.6468,11.0287,12.0487,11.3802,0.0106,0.0279,0.0166,-1.0199999999999996,0.6684999999999999,10.756160444196578,11.776079200214316,11.107651909353828
264.952242,-32.3142942,4352.64,2695.802,2682.18,82.42104,76.37881,119.7333,10.0357,10.5559,10.5614,0.0041,0.0062,0.0097,-0.5201999999999991,-0.0055000000000013,9.763118127924832,10.283280022056582,10.28878020045452
265.0290152,-32.3143289,779.4714,369.449,312.743,76.31258,60.26423,66.94121,11.9031,12.7137,12.8946,0.0213,0.0354,0.0465,-0.8105999999999991,-0.1809000000000011,11.630499537781976,12.441113761557663,12.62203100540846
265.1571515,-32.3270042,181898.68,224610.0,54377.84,84.01952,87.67432,88.57158,5.983,5.754,7.294,0.0001,0.0001,0.0004,0.2290000000000001,-1.54,5.7104261312692195,5.481427280380746,7.02144511869696
264.8769035,-32.3140791,3129.1580000000004,1635.2548000000002,1562.0598,79.83392,72.73503,82.73956,10.394,11.0986,11.1483,0.0055,0.0097,0.0115,-0.7045999999999992,-0.0497000000000014,10.121431268871701,10.826036418499541,10.875755860345109
265.2681499,-32.3244011,18461.516,15990.12,6735.292,79.61143,82.5332,89.33586,8.4669,8.6229,9.5617,0.0009,0.0011,0.0029,-0.1559999999999988,-0.9388000000000004,8.194331597467928,8.350370692550879,9.289108928122813
265.0465763,-32.3252377,147178.4,177117.46000000002,43130.18,82.16959,86.12769,85.5844,6.213,6.0119,7.5456,0.0001,0.0001,0.0004,0.2011000000000002,-1.5337000000000005,5.940389806673249,5.739346561340291,7.27304682340143
265.1565982,-32.3214083,1025.0874,544.7944,622.0932,83.31287,81.90714,85.68794,11.6057,12.292,12.1479,0.0177,0.0327,0.0299,-0.6862999999999992,0.1440999999999999,11.33309776159488,12.01941841307958,11.875361364585045
265.0355062,-32.3200565,1608.7072,998.2058,946.5216,59.21141,101.1811,62.27459,11.1164,11.6345,11.6922,0.008,0.022,0.0143,-0.5180999999999987,-0.0577000000000005,10.84380748607917,11.361949777567556,11.419673677035004
264.8770481,-32.3181311,3415.472,1891.1664,1657.0744,81.48318,80.67592,90.15925,10.2989,10.9408,11.0842,0.0052,0.0093,0.0118,-0.6418999999999997,-0.1433999999999997,10.026373176639318,10.66817564189798,10.81164498003181
265.0251497,-32.3313011,8199.408,5835.282,3653.916,82.38516,86.22723,89.89658,9.3481,9.7174,10.2257,0.0022,0.0032,0.0053,-0.3692999999999991,-0.5083000000000002,9.075543756728056,9.44484537771639,9.95310360219858
265.0815801,-32.329947,3919.916,2184.552,1773.14,68.85972,76.52842,70.34312,10.1494,10.7842,11.0107,0.0038,0.0076,0.0086,-0.6348000000000003,-0.2264999999999997,9.876808098473951,10.511594032748498,10.738142432251099
264.8770349,-32.3272318,2390.556,1297.904,1313.009,78.8653,73.20531,91.94476,10.6863,11.3495,11.3369,0.0072,0.0123,0.0152,-0.6632000000000016,0.0126000000000008,10.41375269569529,11.076893572791585,11.064330742588675
265.0424443,-32.3404813,223695.8,278044.8,65688.66,84.92938,88.74415,90.25755,5.7584,5.5223,7.0888,0.0001,0.0001,0.0003,0.2360999999999995,-1.5664999999999996,5.485855424804775,5.249713056740347,6.816273993318935
265.1311014,-32.3351162,3206.752,2144.782,1656.1028,87.46719,72.97055,103.2993,10.3674,10.8041,11.0849,0.0059,0.0074,0.0135,-0.4367000000000001,-0.2807999999999993,10.094836564316868,10.531542109523821,10.812281771403418
264.9490809,-32.3323283,3008.764,1839.159,1552.641,86.99274,74.44485,102.6967,10.4366,10.971,11.1549,0.0063,0.0088,0.0144,-0.5343999999999998,-0.1838999999999995,10.16402968977018,10.698451808175008,10.882322374430188
265.2656296,-32.3404846,2073.108,1430.4184,1068.0424,84.47568,80.534,99.39102,10.841,11.2439,11.5611,0.0089,0.0122,0.0202,-0.4029000000000007,-0.3171999999999997,10.568445181110885,10.971342280054902,11.288528764990286
264.8722379,-32.3340532,2864.71,1379.5812,1506.367,74.66789,64.43786,83.16716,10.4899,11.2832,11.1877,0.0057,0.0101,0.012,-0.7933000000000003,0.0955000000000012,10.217298339803765,11.010631831339849,10.915173017454057
265.2305307,-32.3464235,64093.94,65859.58,21394.6,83.59625,86.26039,87.49713,7.1155,7.086,8.3068,0.0003,0.0003,0.0009,0.0294999999999996,-1.2208000000000006,6.842957576318955,6.813452607999846,8.034239572017272
265.1431004,-32.3396496,1441.8804,645.5247999999999,889.146,84.92938,75.47488,94.41904,11.2353,12.1078,11.7601,0.0128,0.0254,0.0231,-0.8724999999999987,0.3476999999999997,10.962676904128475,11.835217670495235,11.487567302331836
265.0082725,-32.3457621,101041.8,118213.68,30172.840000000004,86.27618,88.90512,84.26174,6.6213,6.4509,7.9335,0.0002,0.0002,0.0006,0.1703999999999998,-1.4826000000000006,6.34874731421019,6.178330657098488,7.660959525500509
265.0847921,-32.3447623,3173.19,1537.6368,1788.7234,84.92938,68.18958,100.6323,10.3788,11.1654,11.0012,0.0058,0.0096,0.0122,-0.7866,0.1641999999999992,10.106259807551425,10.892865589137958,10.72864202887932
265.1577499,-32.3460331,2201.038,1016.669,1243.932,78.75276,60.92494,93.91682,10.776,11.6146,11.3956,0.0078,0.013,0.0164,-0.8385999999999996,0.2189999999999994,10.503431148673592,11.342051046581465,11.123008399659511
265.0006582,-32.3451458,8050.56,6114.7080000000005,3154.956,71.22324,79.85649,76.30923,9.368,9.6666,10.3851,0.0019,0.0028,0.0053,-0.2986000000000004,-0.7184999999999988,9.095434772232206,9.39406069326449,10.112516732959643
264.8800211,-32.3509308,136207.12,155816.48,47486.34,93.76344,94.18433,104.8613,6.2971,6.151,7.4412,0.0001,0.0001,0.0005,0.1461000000000005,-1.2902000000000005,6.024500474525585,5.878466527208095,7.168578255717415
265.1319459,-32.347195,1159.0834,550.329,700.359,86.99274,63.00174,91.33189,11.4723,12.281,12.0193,0.0163,0.0249,0.0283,-0.8087,0.2617000000000011,11.199713284860902,12.008444002779804,11.746698215134185
265.0620522,-32.3492698,14936.538,11860.902,5736.932,72.9051,78.84743,79.27305,8.6969,8.9473,9.7359,0.0011,0.0014,0.003,-0.2504000000000008,-0.7886000000000006,8.424375129749869,8.674705706028254,9.463300744476305
264.8600694,-32.3467997,2622.902,1479.5878,1238.7718,77.23669,66.53394,85.34229,10.5856,11.2072,11.4001,0.0064,0.0098,0.015,-0.6216000000000008,-0.1928999999999998,10.31304483934028,10.93464814583572,11.127521724230547
265.2241855,-32.3527469,1197.4012,568.7814000000001,706.3952,78.75276,66.8769,90.25755,11.437,12.2452,12.01,0.0143,0.0255,0.0278,-0.8082000000000011,0.2352000000000007,11.164400777382639,11.972636535308247,11.737380651197238
265.0980633,-32.3535068,8346.922,5503.868,3613.83,76.62186,73.04888,91.55816,9.3288,9.7809,10.2377,0.002,0.0029,0.0055,-0.4521000000000015,-0.4567999999999994,9.056184112145978,9.50832997597526,9.96508070290094
265.1196662,-32.3536792,3812.34,1698.5038,2132.44,84.40566,64.52655,102.0615,10.1796,11.0574,10.8104,0.0048,0.0083,0.0104,-0.8777999999999988,0.2469999999999999,9.907020935391738,10.784833692904538,10.537807949094534
265.2201778,-32.3625602,8891.272,7294.446000000001,3395.438,78.8278,77.30915,97.25656,9.2602,9.4751,10.3053,0.0019,0.0023,0.0062,-0.2149000000000001,-0.8302000000000014,8.987590259255045,9.202519215999072,10.03276048813203
264.8935386,-32.3564762,2112.186,1308.703,1053.1616,84.89457,77.53078,93.15839,10.8207,11.3405,11.5763,0.0087,0.0129,0.0192,-0.5198,-0.2357999999999993,10.548169600742316,11.067897255082514,11.303762460916763
264.992841,-32.3595143,3405.72,2061.8720000000003,1636.2708,86.00163,79.20928,98.94392,10.3021,10.8469,11.0979,0.0055,0.0083,0.0131,-0.5448000000000004,-0.2509999999999994,10.029477650661631,10.57434574750897,10.825362049318693
265.0014969,-32.3602088,3944.362,1096.1006,3150.986,74.82609,88.64743,98.55479,10.1426,11.5329,10.3865,0.0041,0.0176,0.0068,-1.3903,1.1464,9.870058084613627,11.260373961299093,10.113883816038545
265.0597825,-32.3611227,2049.902,1014.5674,1242.5866,93.0037,73.94379,106.2892,10.8532,11.6169,11.3968,0.0099,0.0158,0.0186,-0.7637,0.2200999999999986,10.580667252088134,11.344297741276502,11.124183335276268
264.981308,-32.4413262,79671.78,41078.68,35811.0,82.06159,84.75544,86.92093,6.8793,7.5985,7.7475,0.0002,0.0004,0.0005,-0.7191999999999998,-0.149,6.60673869966352,7.325958800584086,7.474958878535716
265.1894477,-32.442104,1838.4554,1462.1038,835.8252,66.723,109.2008,70.04836,10.9714,11.2201,11.8273,0.0079,0.0162,0.0182,-0.2487000000000012,-0.6071999999999989,10.698867253580588,10.947554485396497,11.554711347709508
265.070596,-32.4387785,927.3284,343.1992,535.9956,79.1646,60.50103,80.4574,11.7145,12.7937,12.3097,0.0185,0.0383,0.0326,-1.0792000000000002,0.484,11.441916098697394,12.521134332914903,12.037096938564547
264.9823658,-32.4361958,1616.3858,993.6174,857.9685999999999,82.13361,93.78879,85.5844,11.1112,11.6395,11.7989,0.011,0.0205,0.0217,-0.5282999999999998,-0.1593999999999997,10.838637433758223,11.366952029588878,11.526321515507227
265.0455594,-32.4350202,2637.928,1475.4926,1369.6334000000002,79.5743,65.23178,98.10387,10.5794,11.2102,11.2911,0.0066,0.0096,0.0156,-0.6308000000000007,-0.0808999999999997,10.306842655815515,10.937657410661197,11.018489154486323
265.0946341,-32.4306038,1581.6886,970.3872,891.3774,76.07981,87.41299,90.58445,11.1348,11.6652,11.7574,0.0104,0.0196,0.0221,-0.5304000000000002,-0.0922,10.862197538843052,11.392637351783097,11.484845953052572
265.0863886,-32.4297934,3383.684,2032.142,1587.467,71.92537,67.6422,86.16953,10.3091,10.8627,11.1308,0.0046,0.0072,0.0118,-0.5535999999999994,-0.2681000000000004,10.036525505530761,10.590114870323482,10.858238234959044
265.1603553,-32.4309499,3906.254,3421.682,1626.9824,70.34622,104.8454,80.05225,10.1532,10.297,11.1041,0.0039,0.0067,0.0107,-0.1438000000000006,-0.8071000000000002,9.88059880148632,10.024400887091469,10.831542862624392
265.1888193,-32.4307245,2284.754,1933.5702,1065.2530000000002,67.38429,109.1222,75.1775,10.7355,10.9167,11.5639,0.0064,0.0123,0.0153,-0.1812000000000004,-0.6471999999999998,10.462901384164642,10.644100139635182,11.291368085129001
265.0959762,-32.4278884,753.8186,262.3338,461.9602,69.79779,58.13886,75.56966,11.9394,13.0854,12.4711,0.0201,0.0481,0.0355,-1.1460000000000008,0.6143000000000001,11.666832877027309,12.812864374479215,12.198488598257661
265.2213169,-32.4268579,914.1664,909.7282,417.201,58.71003,103.6384,73.90859,11.73,11.7353,12.5817,0.0139,0.0247,0.0385,-0.0053,-0.8463999999999992,11.457436862896628,11.462720856757839,12.309136648181113
265.0722451,-32.4116942,1030.4334,421.4632,586.4884,81.70056,55.16055,81.37068,11.6,12.5707,12.2119,0.0172,0.0284,0.0301,-0.9707000000000008,0.3588000000000004,11.327450181830304,12.298100849363507,11.939351433149946
264.8913935,-32.3597223,1243.2218,659.6228,676.7576,84.47568,74.48325,86.88692,11.3962,12.0843,12.0565,0.0148,0.0245,0.0279,-0.6881000000000004,0.0278000000000009,11.123628457714286,11.811760853221259,11.783917145988102
265.2346527,-32.374439,2283.762,1415.5786,1713.28,76.58327,112.3248,107.0651,10.7359,11.2552,11.048,0.0073,0.0172,0.0136,-0.5192999999999994,0.2072000000000002,10.463372894095677,10.982665028572042,10.77542913707295
265.0871625,-32.3683114,2590.85,805.178,1839.4086,82.02556,57.04649,96.46312,10.599,11.8678,10.9709,0.0069,0.0154,0.0114,-1.2688000000000006,0.8969000000000005,10.326394325561338,11.595270249787351,10.698304468347883
265.1108647,-32.4454077,608.2334,745.134,178.07106000000002,66.36761,94.39663,38.36707,12.1724,11.952,13.5061,0.0237,0.0275,0.0468,0.2203999999999997,-1.5541,11.899824337668885,11.679414048909413,13.233516640190318
265.1458447,-32.3689525,13619.918,10090.916,5705.102,82.92165,77.49388,101.4806,8.7971,9.1227,9.7419,0.0013,0.0017,0.0039,-0.3255999999999996,-0.6191999999999993,8.524563767815557,8.850173522542223,9.469341466352297
264.9761055,-32.4306767,847.7746,352.5428,511.7542,89.07469,70.70148,80.64088,11.8119,12.7645,12.3599,0.0228,0.0436,0.0342,-0.9526000000000004,0.4046000000000003,11.539298998450777,12.491970376288082,12.087346460919434
265.0603326,-32.4163664,2338.704,1168.3844,1367.058,76.69898,63.00174,100.1022,10.7101,11.4636,11.2931,0.0071,0.0117,0.0159,-0.753499999999999,0.1704999999999987,10.437561853879632,11.191035625649734,11.020532648208103
264.9569543,-32.3660179,27093.18,21407.48,10148.656,77.35143,80.78218,84.36692,8.0504,8.3062,9.1166,0.0006,0.0008,0.0018,-0.2558000000000007,-0.8103999999999996,7.777850044135416,8.033586132617161,8.843978670345273
265.0912351,-32.391198,1077.7792,431.2696,646.3052,80.49767,74.40643,85.51529,11.5512,12.5457,12.1065,0.0162,0.0375,0.0287,-0.9945000000000004,0.4391999999999996,11.27867550520958,12.273127884994267,11.83390587461301
265.1970774,-32.4162362,669.5260000000001,305.1666,507.2092,60.78803,50.84426,81.91376,12.0682,12.9212,12.3696,0.0197,0.0362,0.0351,-0.8530000000000015,0.5516000000000005,11.795581382935831,12.64865750239467,12.097032194041178
264.8648846,-32.3677737,930.6944,409.943,469.9810000000001,69.67062,62.6832,74.22785,11.7106,12.6008,12.4524,0.0163,0.0332,0.0343,-0.8902000000000001,0.1483999999999987,11.437982248086705,12.3281913125079,12.179799247511493
264.9152471,-32.3768775,1174.3812,579.2568,643.2148,77.50414,52.66761,88.23722,11.4581,12.2254,12.1117,0.0143,0.0197,0.0298,-0.7673000000000005,0.1136999999999996,11.185477274363633,11.952822148117116,11.83910992820038
264.9053501,-32.419639,28528.2,3871.268,30951.24,79.53713,99.24059,88.10312,7.9944,10.1629,7.9059,0.0006,0.0056,0.0006,-2.1685000000000008,2.257000000000001,7.721814073725229,9.890366905794382,7.633304867872182
265.1446569,-32.3845044,2180.48,1309.9498,1103.4494,78.56486,69.31264,90.91018,10.7862,11.3394,11.5257,0.0078,0.0115,0.0179,-0.5532000000000004,-0.186300000000001,10.513619731120588,11.066863367732205,11.253118942854428
265.1804325,-32.3841615,3632.642,733.4556,2686.662,76.11865,56.79529,87.80065,10.232,11.9691,10.5595,0.0046,0.0168,0.0071,-1.7371,1.4095999999999993,9.959443500309828,11.69656542799628,10.28696741818222
264.9242399,-32.369347,9391.896,6664.306,3876.452,75.29868,75.17116,88.47141,9.2007,9.5732,10.1615,0.0017,0.0024,0.005,-0.3725000000000005,-0.5883000000000003,8.928116812940308,9.30061267491388,9.88891397323476
265.1370844,-32.3996794,2866.3,940.2518,1976.466,79.79688,59.21108,98.31455,10.4893,11.6995,10.8929,0.006,0.0137,0.0108,-1.2102000000000004,0.8066000000000013,10.216695890807914,11.426889566249365,10.620276630433047
265.0975226,-32.4030111,1261.4732,639.361,768.7475999999999,77.00671,59.16277,91.59044,11.3804,12.1182,11.9181,0.0133,0.0201,0.0259,-0.7378,0.200099999999999,11.107804929088273,11.845634646315673,11.645540567662076
264.9925059,-32.3967001,2799.288,1471.5668,1459.71,85.0685,64.08184,102.2929,10.515,11.2131,11.2219,0.0066,0.0095,0.0152,-0.6981000000000002,-0.008799999999999,10.242381043959274,10.940550047106772,10.949333541891106
265.045142,-32.3914338,1592.4622,735.9328,926.5584,87.56853,55.77919,96.06393,11.1274,11.9655,11.7154,0.0119,0.0165,0.0225,-0.8381000000000007,0.2500999999999997,10.854827169108296,11.692904601118226,11.442818005896623
264.9948609,-32.3735435,2229.984,1177.5316,1461.2082,89.90054,79.67724,114.947,10.7618,11.4551,11.2208,0.0088,0.0147,0.0171,-0.6933000000000007,0.2342999999999993,10.489245632443094,11.182568573509378,10.948219748204847
265.0213731,-32.393444,4004.024,2457.454,1995.1316,81.70056,68.81577,102.4373,10.1263,10.6564,10.8826,0.0044,0.0061,0.0112,-0.5300999999999991,-0.2262000000000004,9.85375832009198,10.383786506967585,10.61007113181169
265.014854,-32.3905912,4275.532,2493.1240000000003,2106.778,81.7729,70.62054,100.603,10.0551,10.6407,10.8235,0.0042,0.0062,0.0104,-0.5856000000000012,-0.1827999999999985,9.782524596907091,10.368140301357386,10.55095306351243
264.8654048,-32.3876575,1185.984,695.9975999999999,917.5608,61.2724,92.25167,82.34565,11.4474,12.0261,11.726,0.0112,0.0288,0.0195,-0.5786999999999995,0.3000999999999987,11.174802924896891,11.753480644897998,11.45341287155986
265.10983,-32.3749353,5958.436,3793.054,2835.808,89.50508,75.51276,107.5609,9.6947,10.1851,10.5009,0.0033,0.0043,0.0082,-0.490400000000001,-0.3157999999999994,9.422169302707545,9.912527435996065,10.22830794162375
265.1420319,-32.4046569,13428.89,9449.882,5286.026,75.22012,76.49104,85.96347,8.8125,9.194,9.8248,0.0012,0.0018,0.0035,-0.3815000000000008,-0.6307999999999989,8.539899708983016,8.921434036152457,9.552176762664214
264.9100905,-32.3857491,21005.42,19364.89,7444.386,81.5557,80.74678,90.6823,8.3267,8.415,9.453,0.0008,0.0009,0.0026,-0.0882999999999984,-1.0380000000000005,8.054171575976861,8.14246241407516,9.180427790719165
265.1333831,-32.4037908,755.592,156.0962,533.2312,74.07166,33.90555,79.75631,11.9369,13.6491,12.3153,0.0213,0.0472,0.0325,-1.712200000000001,1.3338,11.66428162229057,13.376519173143421,12.042711118553292
265.1951289,-32.3979592,809.7166,939.0786,374.3766,67.647,100.2726,70.63666,11.8617,11.7008,12.6993,0.0181,0.0232,0.041,0.1609000000000016,-0.9985,11.589167392903475,11.428245140427158,12.426728260468295
265.0698623,-32.3954127,67413.78,78260.95999999999,20281.58,81.44688,84.99129,85.03,7.0607,6.8987,8.3648,0.0003,0.0002,0.0009,0.1619999999999999,-1.4661000000000008,6.788128301455936,6.626137072657938,8.09224553772635
264.9730455,-32.3755548,211008.8,255499.4,63237.5,86.036,90.59385,94.45035,5.8218,5.6141,7.1301,0.0001,0.0001,0.0003,0.2077,-1.516,5.5492485808109,5.341525288500227,6.85756326895844
265.122784,-32.4135093,2447.188,966.2734,1430.4534,75.45555,68.10566,93.38023,10.6609,11.6698,11.2439,0.0067,0.0153,0.0142,-1.0089000000000006,0.4259000000000004,10.388331664047657,11.397249939364967,10.971315714189792
265.0991012,-32.390062,26488.140000000003,26460.9,8815.646,77.65656,80.88831,87.22646,8.0749,8.0761,9.2694,0.0006,0.0007,0.0021,-0.0012000000000007,-1.193299999999999,7.802371342091686,7.803488471196454,8.996864644045306
264.965551,-32.3868251,7198.2080000000005,5108.504,3151.172,81.22882,82.35977,96.70795,9.4895,9.8618,10.3864,0.0025,0.0035,0.0067,-0.3723000000000009,-0.5245999999999995,9.21693902023337,9.589265655566846,10.113819727853466
265.159298,-32.4161849,797.1502,798.6802,418.773,68.03916,96.25655,74.22785,11.8787,11.8766,12.5776,0.0185,0.0262,0.0385,0.0021000000000004,-0.7010000000000005,11.606149601511785,11.604067704961546,12.305053317059237
264.967922,-32.3988945,35760.3,37977.44,11614.21,79.46277,83.94177,89.03757,7.7491,7.6838,8.9701,0.0005,0.0005,0.0017,0.0653000000000005,-1.2863000000000009,7.476497116203298,7.411185784315101,8.69752581405864
265.1040112,-32.4170362,3911.968,3266.968,1674.0616000000002,75.76833,104.6543,86.81885,10.1516,10.3472,11.0731,0.0042,0.007,0.0113,-0.1956000000000006,-0.7258999999999993,9.879011766025164,10.074637798561547,10.800571413575122
265.0426633,-32.4180103,1114.6918,253.2076,729.6194,88.50871,60.31166,96.58561,11.5147,13.1239,11.9748,0.0172,0.0517,0.0288,-1.6092000000000013,1.149100000000001,11.242112984143994,12.851308157887418,11.70225906745247
265.260626,-32.4111901,18444.256,15936.082,6139.182,78.97767,83.70296,85.27299,8.4679,8.6266,9.6623,0.0009,0.0011,0.003,-0.1586999999999996,-1.0357000000000005,8.195347146377753,8.354046110570284,9.389723728723848
